{
  "auroc": 0.911197294683286,
  "auprc": 0.7463162800583045,
  "brier": 0.01738195747101688,
  "calibration": {
    "fraction_of_positives": [
      0.0021253985122210413,
      0.008,
      0.0036407766990291263,
      0.009411764705882352,
      0.013452914798206279,
      0.013550135501355014,
      0.011583011583011582,
      0.015286624203821656,
      0.02763157894736842,
      0.34889753566796367
    ],
    "mean_predicted_value": [
      0.003213101786064303,
      0.005347510757459798,
      0.006520719761977732,
      0.0076851003457127235,
      0.008993025904663129,
      0.011002029994016766,
      0.013771249115028984,
      0.01892360387057639,
      0.02970253424238551,
      0.35492358715933375
    ]
  }
}